﻿<?xml version="1.0"?>
<doc>
<assembly>
<name>
EPAMetadataEditor
</name>
</assembly>
<members>
<member name="M:EPAMetadataEditor.ArcCatalogExtension.ArcGISCategoryRegistration(System.Type)">
	<summary>
 Required method for ArcGIS Component Category registration -
 Do not modify the contents of this method with the code editor.
 </summary>
</member><member name="M:EPAMetadataEditor.ArcCatalogExtension.ArcGISCategoryUnregistration(System.Type)">
	<summary>
 Required method for ArcGIS Component Category unregistration -
 Do not modify the contents of this method with the code editor.
 </summary>
</member><member name="M:EPAMetadataEditor.ArcCatalogExtension.#ctor">
	<summary>
	</summary>
	<remarks>A creatable COM class must have a Public Sub New() 
 with no parameters, otherwise, the class will not be 
 registered in the COM registry and cannot be created 
 via CreateObject.
 </remarks>
</member><member name="T:EPAMetadataEditor.ArcCatalogExtension">
	<summary>
 EME is implemented as an extension to ArcCatalog using the IExtension interface
 </summary>
	<remarks></remarks>
</member><member name="P:EPAMetadataEditor.My.Resources.Resources.ResourceManager">
	<summary>
  Returns the cached ResourceManager instance used by this class.
</summary>
</member><member name="P:EPAMetadataEditor.My.Resources.Resources.Culture">
	<summary>
  Overrides the current thread's CurrentUICulture property for all
  resource lookups using this strongly typed resource class.
</summary>
</member><member name="T:EPAMetadataEditor.My.Resources.Resources">
	<summary>
  A strongly-typed resource class, for looking up localized strings, etc.
</summary>
</member><member name="P:EPAMetadataEditor.GlobalVars.mdbPath">
	<summary>
 Path to supporting MSAccess database
 </summary>
	<remarks>This can be overridden by the user in config.xml</remarks>
</member><member name="P:EPAMetadataEditor.GlobalVars.connStr">
	<summary>
 The OLEDB connection string used to connect to the MSAccess database.
 </summary>
	<remarks></remarks>
</member><member name="F:EPAMetadataEditor.GlobalVars.idSep">
	<summary>
 The separator used internally by EME to seperate various postfixes from identifiers based on the XSL pattern for the element
 </summary>
	<remarks></remarks>
</member><member name="F:EPAMetadataEditor.GlobalVars.nameStr">
	<summary>
 Name string for this application used in a number of contexts. 
 Some other name references had to be hardwired, so changing the value here alone is not sufficient.
 </summary>
	<remarks></remarks>
</member><member name="F:EPAMetadataEditor.GlobalVars.savedSession">
	<summary>
 Indicator that the user has performed a save without closing EME.
 </summary>
	<remarks></remarks>
</member><member name="F:EPAMetadataEditor.GlobalVars.recoveredSession">
	<summary>
 Indicator that a previously saved metadata record was recovered during current EME session.
 </summary>
	<remarks></remarks>
</member><member name="F:EPAMetadataEditor.GlobalVars._userThesaurus">
	<summary>
 The user thesaurus being used if applicable.
 </summary>
	<remarks></remarks>
</member><member name="P:EPAMetadataEditor.GlobalVars.userThesaurus">
	<summary>
 The property providing controlled access to user thesaurus.
 </summary>
	<remarks></remarks>
</member><member name="M:EPAMetadataEditor.EMEToolbar.ArcGISCategoryRegistration(System.Type)">
	<summary>
 Required method for ArcGIS Component Category registration -
 Do not modify the contents of this method with the code editor.
 </summary>
</member><member name="M:EPAMetadataEditor.EMEToolbar.ArcGISCategoryUnregistration(System.Type)">
	<summary>
 Required method for ArcGIS Component Category unregistration -
 Do not modify the contents of this method with the code editor.
 </summary>
</member><member name="M:EPAMetadataEditor.EMEToolbar.#ctor">
	<summary>
	</summary>
	<remarks>A creatable COM class must have a Public Sub New() 
 with no parameters, otherwise, the class will not be 
 registered in the COM registry and cannot be created 
 via CreateObject.
 </remarks>
</member><member name="P:EPAMetadataEditor.EMEToolbar.Caption">
	<summary>
 Caption for the toolbar.
 </summary>
	<value></value>
	<returns></returns>
	<remarks></remarks>
</member><member name="T:EPAMetadataEditor.EMEToolbar">
	<summary>
 An ArcCatalog toolbar for EME, EPA Synchronizer and related tools.
 </summary>
	<remarks></remarks>
</member><member name="M:EPAMetadataEditor.BatchValidatorCommand.#ctor">
	<summary>
	</summary>
	<remarks>A creatable COM class must have a Public Sub New() 
 with no parameters, otherwise, the class will not be 
 registered in the COM registry and cannot be created 
 via CreateObject.
 </remarks>
</member><member name="M:EPAMetadataEditor.BatchValidatorCommand.OnCreate(System.Object)">
	<summary>
 Event handler to initialize the command when created.
 </summary>
	<param name="hook"></param>
	<remarks></remarks>
</member><member name="T:EPAMetadataEditor.BatchValidatorCommand">
	<summary>
 Class that implements the command for the batch validator.
 Batch validator allows users to select multiple objects and validate their metadata (if any)
 without opening EME. A button for the command is available on EME toolbar.
 </summary>
	<remarks></remarks>
</member><member name="M:EPAMetadataEditor.Synchronizer.ArcGISCategoryRegistration(System.Type)">
	<summary>
 Required method for ArcGIS Component Category registration -
 Do not modify the contents of this method with the code editor.
 </summary>
</member><member name="M:EPAMetadataEditor.Synchronizer.ArcGISCategoryUnregistration(System.Type)">
	<summary>
 Required method for ArcGIS Component Category unregistration -
 Do not modify the contents of this method with the code editor.
 </summary>
</member><member name="M:EPAMetadataEditor.Synchronizer.#ctor">
	<summary>
	</summary>
	<remarks>A creatable COM class must have a Public Sub New() 
 with no parameters, otherwise, the class will not be 
 registered in the COM registry and cannot be created 
 via CreateObject.
 </remarks>
</member><member name="P:EPAMetadataEditor.Synchronizer.Name">
	<summary>
 Implements IMetadataSynchronizer.Name
 </summary>
	<returns>A string containing the name of this IMetadataSynchronizer.</returns>
	<remarks></remarks>
</member><member name="T:EPAMetadataEditor.Synchronizer">
	<summary>
 EPA Synchronizer implementation.
 Implements IMetadataSynchronizer interface.
 </summary>
	<remarks>Relies on the FGDC Synchronizer to do much of its work.</remarks>
</member><member name="M:EPAMetadataEditor.SyncManagerCommand.#ctor">
	<summary>
 Create and initialize.
 </summary>
	<remarks>A creatable COM class must have a Public Sub New() 
 with no parameters, otherwise, the class will not be 
 registered in the COM registry and cannot be created 
 via CreateObject.
 </remarks>
</member><member name="M:EPAMetadataEditor.SyncManagerCommand.OnClick">
	<summary>
 Event handler that opens the form for managing syncronizers.
 </summary>
	<remarks></remarks>
</member><member name="T:EPAMetadataEditor.SyncManagerCommand">
	<summary>
 Class that implements a user interface for controlling (turning on/off) synchronizers
 and also controlling the EPA Synchronizer options.
 </summary>
	<remarks></remarks>
</member><member name="M:EPAMetadataEditor.EMEInstaller.Install(System.Collections.IDictionary)">
	<summary>
 Register assembly upon installation.
 </summary>
	<param name="stateSaver"></param>
	<remarks></remarks>
</member><member name="M:EPAMetadataEditor.EMEInstaller.Uninstall(System.Collections.IDictionary)">
	<summary>
 Unregister assembly upon uninstallation.
 </summary>
	<param name="savedState"></param>
	<remarks></remarks>
</member><member name="T:EPAMetadataEditor.EMEInstaller">
	<summary>
 Installer class for EME.
 </summary>
	<remarks></remarks>
</member>
</members>
</doc>